{"array": [44, 12, 45, 30, 1, 32, 39, 48, 30, 37, 54, 7, 50, 42, 52, 18, 49, 53, 36, 17, 12, 57, 39, 16, 51, 14, 35, 10, 29, 59, 24, 17, 25, 16, 59, 7, 47, 4, 45, 22], "array2": [0.6909964107921426, 0.11788768371447089, 0.5139422241864963, 0.777994514786772, 0.653238798846652, 0.018660119134673026, 0.030047272573455297, 0.6662079598355231, 0.5290442335318892, 0.3762412764751941, 0.5190322476469517, 0.7785396411965478, 0.18982675935316384, 0.8065814161431555, 0.15106477013979958, 0.6382579105056715, 0.6168117310757507, 0.3608653276325213, 0.15104299427911216, 0.7827999182037102, 0.7009120683326443, 0.9742450000888785, 0.09377192501599818, 0.9169771011634497, 0.8449664344849562, 0.4804448782031149, 0.4282049453084069, 0.5677311909756425, 0.8095072802760005, 0.3113657395996601, 0.12354313098938863, 0.7455528427376023, 0.6908152161348736, 0.8929383707827064, 0.041502568065916456, 0.4080313663454255, 0.9850939254568365, 0.33750610885128407, 0.019964143733899653, 0.26414335149976975]}