{
    "type": "box",
    "id": "box",
    "labels": {
        "title": "Distribution of Total Bills by Day",
        "x": "Total Bill",
        "y": "Day of the Week"
    },
    "axes": {
        "x": {
            "label": "Total Bill"
        },
        "y": {
            "label": "Day of the Week",
            "level": [
                "Sun",
                "Sat",
                "Fri",
                "Thur"
            ]
        }
    },
    "data": [
        {
            "lower_outlier": [],
            "min": 7.25,
            "q1": 14.987499999999999,
            "q2": 19.63,
            "q3": 25.5975,
            "max": 48.17,
            "upper_outlier": [
                48.17,
                45.35
            ]
        },
        {
            "lower_outlier": [],
            "min": 3.07,
            "q1": 13.905000000000001,
            "q2": 18.24,
            "q3": 24.740000000000002,
            "max": 50.81,
            "upper_outlier": [
                48.27,
                44.3,
                50.81,
                48.33
            ]
        },
        {
            "lower_outlier": [],
            "min": 5.75,
            "q1": 12.094999999999999,
            "q2": 15.38,
            "q3": 21.75,
            "max": 40.17,
            "upper_outlier": [
                40.17
            ]
        },
        {
            "lower_outlier": [],
            "min": 7.51,
            "q1": 12.442499999999999,
            "q2": 16.2,
            "q3": 20.155,
            "max": 43.11,
            "upper_outlier": [
                32.68,
                34.83,
                34.3,
                41.19,
                43.11
            ]
        }
    ]
}